member_id,first_name,last_name,email,date_of_birth,mobile_no,above_18
Smith_c7677,Patty,Smith,Patty_Smith@ross.com,19750827,59428759,True
Wang DDS_04168,Sean,Wang DDS,Sean_Wang@gibson-calderon.com,19600311,25595367,True
Estrada_0bf5b,Richard,Estrada,Richard_Estrada@malone.com,19921015,22821527,True
Cline_825fb,Jackson,Cline,Jackson_Cline@hudson.net,19710121,48056519,True
Williams_3e726,Allen,Williams,Allen_Williams@sanchez.net,19971109,77991519,True
Flores_8a42c,Eric,Flores,Eric_Flores@dillon-patterson.com,19820701,36641663,True
Richardson_ef158,Anna,Richardson,Anna_Richardson@perry.com,19670223,64083047,True
Smith_9625b,Benjamin,Smith,Benjamin_Smith@christian-contreras.com,19871223,95835639,True
Gomez_876bf,Taylor,Gomez,Taylor_Gomez@johnston.com,19821022,24007567,True
Rodriguez_93ac7,Jeremy,Rodriguez,Jeremy_Rodriguez@roth.com,19780828,32567967,True
Garcia_26b55,April,Garcia,April_Garcia@hall.com,19871231,24650447,True
Garza_40199,Sharon,Garza,Sharon_Garza@duran.com,20020830,59411567,True
Sanchez_364a7,Lori,Sanchez,Lori_Sanchez@hardin-warner.net,19980420,76989167,True
Reed_3bc34,Joseph,Reed,Joseph_Reed@kelley.com,19511220,18798163,True
Armstrong_e2fb8,Jason,Armstrong,Jason_Armstrong@curtis.com,19921116,68514503,True
Allison_0c21b,Jessica,Allison,Jessica_Allison@harper.com,19721030,66821135,True
Hall MD_b302a,Arthur,Hall MD,Arthur_Hall@gonzalez.com,19941103,65493407,True
Meza_af7be,Sherry,Meza,Sherry_Meza@west.com,19970904,33491119,True
Turner_0303a,Matthew,Turner,Matthew_Turner@martinez.com,19940707,73291455,True
Bauer_18f68,Jeffrey,Bauer,Jeffrey_Bauer@garza.com,19660813,51154803,True
Randolph_76c7a,Sophia,Randolph,Sophia_Randolph@leonard-ramirez.com,19500807,94510479,True
Matthews_2a414,Marissa,Matthews,Marissa_Matthews@graves.com,19720221,20636447,True
Samuel Thompson_16040,Dr.,Samuel Thompson,Samuel_Thompson@sanchez-carroll.com,19840403,99063183,True
Lee_76cce,Zachary,Lee,Zachary_Lee@smith.com,19870704,36447751,True
Pittman_44c4d,Kara,Pittman,Kara_Pittman@gomez-vaughn.com,19680525,80502567,True
Ruiz_1546f,Charles,Ruiz,Charles_Ruiz@sullivan-jones.com,19680113,85158255,True
Shaw_45468,Rachel,Shaw,Rachel_Shaw@stevenson-martinez.com,19581223,66511687,True
Miller_d11a8,James,Miller,James_Miller@nguyen.com,19710831,64917031,True
Anthony_ebd30,Gabriella,Anthony,Gabriella_Anthony@castro.com,19970106,89108943,True
Cantrell_b19eb,Misty,Cantrell,Misty_Cantrell@flores-decker.com,19570303,79619831,True
Guerrero_d55cb,Kelly,Guerrero,Kelly_Guerrero@riggs.com,19970203,53052583,True
Nichols_9226a,David,Nichols,David_Nichols@rocha.com,19620819,62269575,True
Galloway_1a4d2,Shawn,Galloway,Shawn_Galloway@johnston.com,19850419,17471367,True
Salazar_88b5f,Fernando,Salazar,Fernando_Salazar@humphrey.com,19720419,71192443,True
Sanford_c7e24,Dennis,Sanford,Dennis_Sanford@lopez-archer.com,19800806,88084407,True
Murphy_0851c,Amanda,Murphy,Amanda_Murphy@bright-gibbs.net,20000730,30501351,True
Martin_35f44,Bobby,Martin,Bobby_Martin@jackson.com,20000331,43871143,True
Jones_3cea3,Lauren,Jones,Lauren_Jones@castaneda.com,19870724,96512831,True
Bishop_b0506,Vernon,Bishop,Vernon_Bishop@clark-larson.com,19730710,78396487,True
Meyers_2871d,Phillip,Meyers,Phillip_Meyers@mcneil-williams.com,19601022,95409119,True
Strickland_c13f0,Jeremy,Strickland,Jeremy_Strickland@adkins.com,19501223,20151487,True
Martin_6f48d,Robert,Martin,Robert_Martin@crawford.com,19500718,78547615,True
Davis_7d08d,Marc,Davis,Marc_Davis@harris.com,19800520,96597403,True
Taylor_4fbc5,William,Taylor,William_Taylor@warner-morgan.net,19860131,42996791,True
Pierce_133dc,Alyssa,Pierce,Alyssa_Pierce@ruiz.com,19680516,95839991,True
Brady_bd431,Michael,Brady,Michael_Brady@wells-sanders.com,19500323,65342263,True
Rhodes_df266,James,Rhodes,James_Rhodes@green.com,19771010,27465295,True
Ramirez_5ff32,Ryan,Ramirez,Ryan_Ramirez@pham.com,19850425,67907071,True
Thompson_52cd0,Stephen,Thompson,Stephen_Thompson@hess.com,19511112,75033031,True
Williams_446e0,Susan,Williams,Susan_Williams@rowland.com,19760512,95688383,True
Aguilar_5ea68,Nancy,Aguilar,Nancy_Aguilar@lane.com,19951108,97516423,True
Williams_b7835,Jessica,Williams,Jessica_Williams@thomas-martin.com,19730824,26472931,True
Johnson_d53b7,Dylan,Johnson,Dylan_Johnson@montgomery.com,19960107,52048815,True
King_01148,Pamela,King,Pamela_King@soto.net,19930929,72515095,True
Smith_634dd,Robert,Smith,Robert_Smith@joyce.com,19870424,76366335,True
Gonzalez_31e9a,Samantha,Gonzalez,Samantha_Gonzalez@rios-fletcher.com,19980829,40456647,True
Pierce_7b01f,Terry,Pierce,Terry_Pierce@warner-reyes.com,19641009,91518459,True
Walker_ba5b7,Jeffery,Walker,Jeffery_Walker@watson.com,19560624,46574799,True
Alvarez_7bc5d,Todd,Alvarez,Todd_Alvarez@vaughn.com,19741125,42011263,True
Willis_d0046,Brett,Willis,Brett_Willis@gibbs.com,19610908,86342007,True
Klein_43163,Louis,Klein,Louis_Klein@phillips-allen.com,19651220,33671863,True
Wilkins_48a0a,Kristin,Wilkins,Kristin_Wilkins@harvey.com,20020511,84393855,True
Lynch_49515,Joshua,Lynch,Joshua_Lynch@daniels.com,19650526,71572839,True
Williams_e69d3,Deborah,Williams,Deborah_Williams@howard.com,19841121,11357647,True
Martin_0575d,Timothy,Martin,Timothy_Martin@camacho-sparks.net,20030105,92008191,True
Bright_776f9,Sarah,Bright,Sarah_Bright@winters.com,19981115,24327743,True
Anderson_48071,Rebecca,Anderson,Rebecca_Anderson@carter-ramirez.com,19730827,27023231,True
Frost_5ba4a,Roger,Frost,Roger_Frost@cole-robinson.com,19700217,94120431,True
Dunn_8edbe,Toni,Dunn,Toni_Dunn@chapman.com,19800831,89674459,True
Dunn_ae8e6,Eric,Dunn,Eric_Dunn@reese.com,19600712,13714207,True
Pierce_1096d,Heather,Pierce,Heather_Pierce@williams-edwards.com,19570813,32413999,True
Erickson_6b984,Jordan,Erickson,Jordan_Erickson@martinez.com,19750802,64756655,True
Ali_f361f,Susan,Ali,Susan_Ali@leach.com,19990105,74229143,True
Wilson_f0626,Richard,Wilson,Richard_Wilson@hernandez.com,19990703,36349175,True
Butler_a60e8,Jon,Butler,Jon_Butler@blackwell.com,19870318,78121695,True
Phillips_01acd,Paul,Phillips,Paul_Phillips@vance.com,19970216,11213063,True
Parker_5ebc0,Adam,Parker,Adam_Parker@yoder.com,19980722,27783391,True
Walker_a21be,Cory,Walker,Cory_Walker@torres.net,19621208,37614935,True
Sanchez_cf3c9,Jeffrey,Sanchez,Jeffrey_Sanchez@jones-butler.com,19950914,73226919,True
Martin_7bf56,Bianca,Martin,Bianca_Martin@mitchell.com,19780205,86924127,True
King_2f8a4,Jeffrey,King,Jeffrey_King@hicks-boyd.com,19770623,68622991,True
Mcdaniel_ab5b4,Shelly,Mcdaniel,Shelly_Mcdaniel@little.com,19951028,86599403,True
Wiggins_c46e0,Melanie,Wiggins,Melanie_Wiggins@mcdonald-rice.com,20000214,91699615,True
Daniel Smith_e0b77,Mr.,Daniel Smith,Daniel_Smith@cummings.com,19860308,26613823,True
Smith_216c5,Christopher,Smith,Christopher_Smith@lamb.com,19810707,42594715,True
Love_95197,Marc,Love,Marc_Love@martin.com,19550722,96796419,True
Lawrence_fbccd,Scott,Lawrence,Scott_Lawrence@aguilar.com,19760104,59217375,True
Sosa_8de3e,James,Sosa,James_Sosa@robles-hawkins.com,19571108,47053447,True
Jackson_b5943,Jamie,Jackson,Jamie_Jackson@carr.com,19770526,71512687,True
Hatfield_bf691,Jeffrey,Hatfield,Jeffrey_Hatfield@morgan-erickson.com,19701014,69441735,True
Phillips_c68d2,James,Phillips,James_Phillips@green-taylor.com,19611019,89808183,True
Moore_6e3b7,Jessica,Moore,Jessica_Moore@harrison-bautista.com,19990509,27155335,True
Peters_83c4b,Debra,Peters,Debra_Peters@smith.com,19820408,69115179,True
Anderson_6c12a,Richard,Anderson,Richard_Anderson@peck-franklin.com,19700405,24730327,True
Hahn_38908,Lauren,Hahn,Lauren_Hahn@simmons.com,19720620,15132727,True
Perez_a30c9,Joseph,Perez,Joseph_Perez@ryan.com,19740909,61876187,True
Edwards_96edd,Faith,Edwards,Faith_Edwards@price.net,19770726,44653063,True
Vargas_0365e,Laura,Vargas,Laura_Vargas@gallagher-young.com,19771009,40816943,True
Lewis_f236b,Sarah,Lewis,Sarah_Lewis@wyatt.com,19810225,37945839,True
Huff_88806,Brad,Huff,Brad_Huff@moore.com,19611227,28207575,True
Sanchez_a1536,Thomas,Sanchez,Thomas_Sanchez@cunningham-reid.net,19570914,23994083,True
Richardson_e102e,Alexander,Richardson,Alexander_Richardson@perez.com,19581025,34675335,True
Moore_4788f,Matthew,Moore,Matthew_Moore@nichols.com,20030707,66391671,True
Howard_99bdb,Joseph,Howard,Joseph_Howard@williams.com,19520726,46746383,True
Phillips_3268f,Jacqueline,Phillips,Jacqueline_Phillips@larson.com,19880118,55793915,True
Richards_9e514,Anne,Richards,Anne_Richards@mccarthy.com,19690906,84963423,True
Thomas_a6b2a,Derek,Thomas,Derek_Thomas@green.com,19640724,37329863,True
Bonilla_07c60,Joseph,Bonilla,Joseph_Bonilla@freeman.com,19740508,66912183,True
Barber_8e448,Gary,Barber,Gary_Barber@roberts.net,19551112,44790343,True
Johnson_01409,Brian,Johnson,Brian_Johnson@carr.com,19810617,76631695,True
Peterson_d3043,Christine,Peterson,Christine_Peterson@hamilton.com,19741119,57627175,True
Bautista_f2b74,Christopher,Bautista,Christopher_Bautista@rodgers.com,19941202,48834663,True
Krueger_f41b0,Barbara,Krueger,Barbara_Krueger@strong.com,19520322,30905343,True
Oconnor_efac7,Monica,Oconnor,Monica_Oconnor@gordon.com,19800701,97887295,True
Johnson_317e0,Peggy,Johnson,Peggy_Johnson@berg.com,19720328,34795631,True
Herrera_2275e,Susan,Herrera,Susan_Herrera@gomez.com,19550826,24027735,True
Matthews_33105,Andrew,Matthews,Andrew_Matthews@ramos-vaughn.com,19880219,90821359,True
Kennedy_e1e07,Erin,Kennedy,Erin_Kennedy@hendricks-mason.com,19650109,35865639,True
Lopez_ad64b,Jason,Lopez,Jason_Lopez@wood-hill.com,19740830,11287127,True
Clark_850e2,Jerry,Clark,Jerry_Clark@perez.com,19950928,46859655,True
Kim_bc531,Alyssa,Kim,Alyssa_Kim@beck-zuniga.com,19900811,59732335,True
Williams_225d6,Courtney,Williams,Courtney_Williams@garner.com,19990919,27598999,True
Haynes_d74e4,Kevin,Haynes,Kevin_Haynes@jones.com,19690624,75433787,True
Hicks_a01e4,John,Hicks,John_Hicks@weber.com,19531209,95395487,True
Kennedy_b93e8,Eric,Kennedy,Eric_Kennedy@mcdonald.com,19990522,77994331,True
Nelson_49b51,Matthew,Nelson,Matthew_Nelson@hunt.com,19580127,45515247,True
Glover_9a700,Carolyn,Glover,Carolyn_Glover@walker.com,19790714,87832791,True
Moore_bd6b1,Robert,Moore,Robert_Moore@young.com,19550415,19512199,True
Mcgee_84007,Nicole,Mcgee,Nicole_Mcgee@reyes.com,19590303,34539135,True
Hunter_c76d0,Danielle,Hunter,Danielle_Hunter@ballard.com,19710811,99947039,True
Perez_016c7,Kelly,Perez,Kelly_Perez@ward-wilson.com,19600519,60614735,True
Odom_e8796,Mary,Odom,Mary_Odom@morgan-reynolds.com,19630813,98738367,True
Gibson II_a7c50,Arthur,Gibson II,Arthur_Gibson@thompson-thompson.com,19610603,75411807,True
Katherine Brennan MD_fbe29,Miss,Katherine Brennan MD,Katherine_Brennan@garcia.net,19771113,37918255,True
Miller_5a80b,Christopher,Miller,Christopher_Miller@kelly.com,19850131,16222031,True
Hopkins_7c2f6,Amber,Hopkins,Amber_Hopkins@hall.com,19750831,15289039,True
Lara_52f38,Christine,Lara,Christine_Lara@barnes-lee.com,19590301,77716475,True
Garcia_76b84,Nancy,Garcia,Nancy_Garcia@lewis-hayden.com,19680305,62971303,True
Rhodes_a5121,Alex,Rhodes,Alex_Rhodes@russell.net,19780913,75808519,True
Bennett_1ed65,Daniel,Bennett,Daniel_Bennett@stephens-oneill.com,19730228,20776023,True
Woodard_0dee6,Kevin,Woodard,Kevin_Woodard@lynch.com,19550809,30319911,True
Wheeler_d8e91,Todd,Wheeler,Todd_Wheeler@woods.com,19960409,50356375,True
Woods_5e5f2,Linda,Woods,Linda_Woods@diaz.com,19611127,81195711,True
Peterson_9e709,Alan,Peterson,Alan_Peterson@burch.com,19760129,88993663,True
Grant_46694,Jacob,Grant,Jacob_Grant@cummings.com,19911204,94196575,True
Johnson_fcba1,Gabrielle,Johnson,Gabrielle_Johnson@serrano.com,19581006,35424207,True
Howard_20c7c,Anne,Howard,Anne_Howard@rowe.com,19691006,35198251,True
Morales_0598c,Caleb,Morales,Caleb_Morales@collins.com,19660329,69459679,True
Dominguez_e2663,James,Dominguez,James_Dominguez@black.com,19881205,49527207,True
Cardenas_35ae4,Kathryn,Cardenas,Kathryn_Cardenas@skinner.com,19830508,81016239,True
Santiago_5cbec,Jeffrey,Santiago,Jeffrey_Santiago@duncan.com,19750228,93827623,True
Mclaughlin_b2423,Andrew,Mclaughlin,Andrew_Mclaughlin@fitzpatrick-lucas.com,19730514,66417719,True
Bryan Porter_e9e42,Mr.,Bryan Porter,Bryan_Porter@elliott.com,19570214,88089671,True
Smith_750a9,Brendan,Smith,Brendan_Smith@williams.com,19580516,67839775,True
Wilson_cd05f,Amy,Wilson,Amy_Wilson@cortez.net,19741204,64392323,True
Clark_4e6ee,David,Clark,David_Clark@fleming.com,19850108,44834223,True
Joseph_f0dcb,Erika,Joseph,Erika_Joseph@romero.com,19810303,51075039,True
Hernandez_f3251,Jeffrey,Hernandez,Jeffrey_Hernandez@mcdaniel.com,19891231,76263607,True
Miller_375ad,Michael,Miller,Michael_Miller@taylor-moore.com,19640520,17581687,True
Newman_069d1,Theresa,Newman,Theresa_Newman@perry-scott.com,19941129,36575799,True
Romero_7ffde,Paul,Romero,Paul_Romero@middleton-jones.com,19601007,98843943,True
Ramirez_04ceb,Kathleen,Ramirez,Kathleen_Ramirez@banks-wright.com,19550829,40351711,True
Choi MD_e37de,Janet,Choi MD,Janet_Choi@neal.com,19860718,66675695,True
Bender_b8ade,Mark,Bender,Mark_Bender@oneal-wilkins.com,19690911,27354911,True
Brown_b08b0,Abigail,Brown,Abigail_Brown@jones-underwood.com,19801008,15726143,True
Dominguez_821d7,Antonio,Dominguez,Antonio_Dominguez@nichols.com,19801115,75861007,True
Morris_1057d,Tony,Morris,Tony_Morris@davis.com,19700805,33280551,True
Carlson_d8db2,Randy,Carlson,Randy_Carlson@rivera.com,19550530,51211679,True
Pierce_7e42c,Mitchell,Pierce,Mitchell_Pierce@houston-conway.net,20010824,96845551,True
West_0afba,Angela,West,Angela_West@anderson-fitzgerald.com,19810427,59397207,True
Lyons_ab9a6,Sherry,Lyons,Sherry_Lyons@carson-copeland.com,19980209,47672835,True
Butler_c810e,Jennifer,Butler,Jennifer_Butler@arellano-morris.com,19511118,16079075,True
Peters_c9aea,Kevin,Peters,Kevin_Peters@edwards.com,19670206,28855487,True
Conway_b14b9,Benjamin,Conway,Benjamin_Conway@burton-paul.com,19551228,23338319,True
Mccarty_6f29c,Noah,Mccarty,Noah_Mccarty@rios-oneill.com,19650620,64718427,True
Stewart_5a9fe,Andrew,Stewart,Andrew_Stewart@wong.com,19510212,19799879,True
Jones_e27fe,Brenda,Jones,Brenda_Jones@lang.com,19550804,62608823,True
Shannon_6484d,Jerry,Shannon,Jerry_Shannon@sweeney-gibbs.com,19510505,86239787,True
Brown_75572,Blake,Brown,Blake_Brown@george-kelly.net,19570615,34835327,True
Bowers_7f40e,Michael,Bowers,Michael_Bowers@klein-barry.com,20020309,70074031,True
Bailey_5c8a5,Elizabeth,Bailey,Elizabeth_Bailey@stephenson-arnold.com,19630101,20218071,True
Cruz_a17c6,James,Cruz,James_Cruz@bender-harris.com,19500730,18758595,True
Levy_b4299,Kelly,Levy,Kelly_Levy@barajas.com,19940508,74468255,True
Burton_e624b,Thomas,Burton,Thomas_Burton@dunn-avery.net,19750419,14613071,True
Garcia_56683,Kimberly,Garcia,Kimberly_Garcia@tapia.com,19630108,41397407,True
Peterson_c41f4,Paul,Peterson,Paul_Peterson@bullock.com,20021225,59148863,True
Reilly_1c829,Michael,Reilly,Michael_Reilly@cooper.net,19720514,33876967,True
Martinez_d6f6b,Alejandra,Martinez,Alejandra_Martinez@jones.com,19791221,87381327,True
Sanders_e813f,Timothy,Sanders,Timothy_Sanders@harrell.com,19521003,63453583,True
Little_c16bd,Latoya,Little,Latoya_Little@martinez.com,19780807,43404335,True
Harvey_119d2,Sarah,Harvey,Sarah_Harvey@martin-smith.com,19600331,58520471,True
Hansen_df29c,Aaron,Hansen,Aaron_Hansen@mckinney.com,19980128,51639887,True
Ortiz_84be0,Melissa,Ortiz,Melissa_Ortiz@lee-malone.com,19580729,49637727,True
Hernandez_bcb5b,Brooke,Hernandez,Brooke_Hernandez@benitez.com,19911114,97309975,True
Livingston_19295,Lisa,Livingston,Lisa_Livingston@glover.com,19500423,20519415,True
Mason_6bc9b,Eugene,Mason,Eugene_Mason@gardner.com,19781213,47810855,True
Cunningham_12799,Daniel,Cunningham,Daniel_Cunningham@cooper.com,19730326,78657983,True
Smith_894dd,Alex,Smith,Alex_Smith@johnson.com,20020503,58965703,True
Jennings_18c5d,Charles,Jennings,Charles_Jennings@cochran.net,19750714,70913863,True
Vargas_ed53f,Jessica,Vargas,Jessica_Vargas@miller-price.net,19810517,48925903,True
Clark_92a9e,Olivia,Clark,Olivia_Clark@wade-roberson.com,19741001,67793735,True
Allen_3a518,Ricky,Allen,Ricky_Allen@roberts-mendoza.com,19610619,61433467,True
Carney_0d73a,Cathy,Carney,Cathy_Carney@williams.net,19970522,31104151,True
Spencer_c60e6,Ashley,Spencer,Ashley_Spencer@anderson.com,19910126,68555775,True
Strickland_c68d2,Victoria,Strickland,Victoria_Strickland@mccarthy-stewart.com,19530730,31595971,True
Smith_5b12e,Patrick,Smith,Patrick_Smith@molina.net,19720129,76398335,True
West_15f40,Samuel,West,Samuel_West@johnson-ryan.net,20020627,50354899,True
Baldwin_b3439,Haley,Baldwin,Haley_Baldwin@bush-wolfe.com,19650413,31940631,True
Wilson_51998,Alexander,Wilson,Alexander_Wilson@barron-garcia.com,19881111,13893319,True
Cole_2b0a2,April,Cole,April_Cole@vargas.com,19610622,65186503,True
Riley_3e1f8,Holly,Riley,Holly_Riley@stokes.com,19740728,55620431,True
Poole_23f28,Jeffrey,Poole,Jeffrey_Poole@cross.com,19570204,82077439,True
Poole_c5b79,Rachel,Poole,Rachel_Poole@jones.net,19760708,35095087,True
Ward_57d0c,Sheena,Ward,Sheena_Ward@wilson-mcbride.com,19730926,96834175,True
Smith_9f8dc,Cynthia,Smith,Cynthia_Smith@smith.com,19510905,48760255,True
Clayton_7f5be,Kevin,Clayton,Kevin_Clayton@miller.com,19750708,25081071,True
Smith_774d5,Deanna,Smith,Deanna_Smith@cooke.com,19510416,50395271,True
Coleman_db259,Sarah,Coleman,Sarah_Coleman@novak.com,19500119,37411775,True
Butler_19820,Kurt,Butler,Kurt_Butler@taylor.net,19640621,43394675,True
Becker_dd317,Cody,Becker,Cody_Becker@hansen.com,19601216,76003567,True
Molly Miller_4ae09,Miss,Molly Miller,Molly_Miller@king-kelly.net,19771105,99947663,True
Bailey_fac5d,Craig,Bailey,Craig_Bailey@hancock-brown.com,19970713,33032303,True
Gray_00c0a,Patricia,Gray,Patricia_Gray@dawson.com,19660319,18281751,True
Rivera DVM_6a7ce,Robert,Rivera DVM,Robert_Rivera@gibson.com,19500722,35020847,True
Michelle Lewis_afe1c,Miss,Michelle Lewis,Michelle_Lewis@wiggins-thornton.com,19830121,64700455,True
Owens_4cd37,John,Owens,John_Owens@callahan.com,19670424,71230983,True
Smith_313dd,Sarah,Smith,Sarah_Smith@kirk.com,19680804,22702359,True
Lucas_94653,Nancy,Lucas,Nancy_Lucas@aguilar.com,19830706,91477863,True
Murray_a46c7,Christina,Murray,Christina_Murray@collins-day.com,19791217,35027583,True
Berry_c02ad,Emma,Berry,Emma_Berry@charles.com,19940107,34612959,True
Gross_2742d,Christopher,Gross,Christopher_Gross@grimes.net,20031114,49217831,True
Hawkins_8aa4f,Jason,Hawkins,Jason_Hawkins@adams-hunter.com,19541001,31750255,True
Rodriguez_84bf3,Jeffrey,Rodriguez,Jeffrey_Rodriguez@johnson-white.com,19690718,29947599,True
Miller_84bb3,Christina,Miller,Christina_Miller@marshall-lucas.com,19530425,92153503,True
Miller_208dd,Maria,Miller,Maria_Miller@roberts.com,19941221,86317751,True
Davis_3a81f,Eileen,Davis,Eileen_Davis@knox.com,19520404,19544735,True
Kelley_336ba,John,Kelley,John_Kelley@george-barker.com,19960928,99919107,True
Miller_4e2a7,Harry,Miller,Harry_Miller@warner-jackson.com,19890613,63478047,True
Montes_29eaa,Ellen,Montes,Ellen_Montes@sellers.com,19610714,16519759,True
Mclean_3b78d,Gregory,Mclean,Gregory_Mclean@valencia.com,19610801,38860951,True
Spencer_071ed,Angela,Spencer,Angela_Spencer@lopez.com,19980502,18410783,True
Price_fb35b,Christina,Price,Christina_Price@kennedy-tran.com,19860508,65381695,True
Morris_05ed3,Michael,Morris,Michael_Morris@nelson.net,19790924,62959695,True
Randall_fe7f8,Amber,Randall,Amber_Randall@boyd-freeman.net,19520910,60506343,True
Morris_f9657,Matthew,Morris,Matthew_Morris@boyle-novak.com,19981111,49822607,True
Blackburn_0c5fb,Cindy,Blackburn,Cindy_Blackburn@bolton.net,20001008,86098071,True
Jacobson_496c2,Matthew,Jacobson,Matthew_Jacobson@bishop-thomas.com,19510412,99110191,True
Jones_c6f5d,Stacy,Jones,Stacy_Jones@perez.com,19940909,71998399,True
Zimmerman_881d6,Scott,Zimmerman,Scott_Zimmerman@fischer.com,19560130,70071511,True
Silva_fff90,Dakota,Silva,Dakota_Silva@barker-miller.com,19790710,41853599,True
Spencer MD_d5b01,Jacob,Spencer MD,Jacob_Spencer@jefferson.net,19620226,41992359,True
Hudson_9d670,Barbara,Hudson,Barbara_Hudson@robinson-jones.com,19971028,33194551,True
Peterson_c30b8,Sherry,Peterson,Sherry_Peterson@dillon-barber.com,19691126,91916671,True
Bird_86853,Austin,Bird,Austin_Bird@young-stout.com,19760515,53713179,True
Oliver_94edc,Matthew,Oliver,Matthew_Oliver@mitchell.com,19720423,14016935,True
Maddox_6974f,Roger,Maddox,Roger_Maddox@richards.com,19810426,86988519,True
Higgins_bc84f,Kristin,Higgins,Kristin_Higgins@leonard.com,19981219,58071267,True
Johnson_e0381,Gilbert,Johnson,Gilbert_Johnson@jones.com,19850923,97191811,True
Gutierrez_c61e8,Bryan,Gutierrez,Bryan_Gutierrez@short-huerta.net,19881118,84795039,True
Schultz_5fff4,Peter,Schultz,Peter_Schultz@shah.com,19570829,78301895,True
Smith MD_473c4,Karen,Smith MD,Karen_Smith@washington.com,19630505,91036383,True
Burke_a32e6,Justin,Burke,Justin_Burke@johnson.com,19960212,43401655,True
Ramsey_4c3e8,Sarah,Ramsey,Sarah_Ramsey@hayes.com,19640622,63376279,True
Chang_e27c8,Michael,Chang,Michael_Chang@watkins.com,19900209,99632783,True
Hughes_bf91b,Pamela,Hughes,Pamela_Hughes@rivas-garza.com,19570116,32117783,True
Morris_25892,Jimmy,Morris,Jimmy_Morris@hall-watkins.com,19640120,31836895,True
Romero_e5750,Lauren,Romero,Lauren_Romero@davis.com,20020425,50100783,True
Jones_2b07e,Adam,Jones,Adam_Jones@kline-reeves.com,19570107,83246639,True
Kidd_ad962,Michelle,Kidd,Michelle_Kidd@klein-goodman.com,19500222,80511627,True
Murphy_5dc4e,Matthew,Murphy,Matthew_Murphy@graham.com,19600216,18189831,True
Arroyo_a6982,Jessica,Arroyo,Jessica_Arroyo@flores-evans.com,20021019,24971015,True
Zuniga_a2d94,Caleb,Zuniga,Caleb_Zuniga@stone.net,19681028,36180711,True
Walton_832a9,Kenneth,Walton,Kenneth_Walton@anderson.com,19950903,93358011,True
Moreno_8048c,Cheyenne,Moreno,Cheyenne_Moreno@hampton.com,19600912,61341887,True
Lopez_93fe3,Courtney,Lopez,Courtney_Lopez@sanders.com,19710810,35323391,True
Williamson_2b72a,Kenneth,Williamson,Kenneth_Williamson@perez.com,19540310,36169599,True
Armstrong_e8b45,William,Armstrong,William_Armstrong@richards.net,19641118,25119611,True
Browning_1f631,Bruce,Browning,Bruce_Browning@robertson-baldwin.com,19631113,22984503,True
Gilbert_cba39,Shannon,Gilbert,Shannon_Gilbert@brown-schaefer.com,19920613,34472903,True
Brown_cde99,Amanda,Brown,Amanda_Brown@williams.com,19541218,52400391,True
Mitchell_31c89,Pedro,Mitchell,Pedro_Mitchell@sims.com,19610927,99595743,True
Gomez_010a6,Riley,Gomez,Riley_Gomez@hoffman.com,19810211,20838807,True
Price_e8f96,Shelby,Price,Shelby_Price@fuller.net,19860807,74350543,True
Harris_fc222,Scott,Harris,Scott_Harris@mullins.com,19901214,36307567,True
Franklin_f8d94,Bonnie,Franklin,Bonnie_Franklin@gillespie.com,19880714,22008807,True
Morris_73a97,Ashley,Morris,Ashley_Morris@marshall.net,20021001,13085855,True
Stark_fc7cb,Christopher,Stark,Christopher_Stark@blackwell.com,19710703,94716219,True
Johnson_8fef3,Vanessa,Johnson,Vanessa_Johnson@barber.com,19601019,89236567,True
Jensen_676e2,Jack,Jensen,Jack_Jensen@kent-williamson.net,19601229,93571087,True
Armstrong_f79a4,Daniel,Armstrong,Daniel_Armstrong@brown.com,19820714,18991247,True
Donovan_6c619,Susan,Donovan,Susan_Donovan@jordan-anderson.com,19690130,85222335,True
Serrano_9779b,Michael,Serrano,Michael_Serrano@turner-maldonado.com,19821107,12792543,True
Powell_4f74d,Michael,Powell,Michael_Powell@mccall.com,19941127,63894311,True
Lowe_73be1,Alexander,Lowe,Alexander_Lowe@morris.com,19610508,93074023,True
